email,password,harness_project,is_taken,slot_time_taken
p1901@harness.labs,,https://app.harness.io/ng/account/zHadgwdTQqWG8CA3Jv6Feg/home/orgs/P190/projects/p1901/details,1,1682964391
p1902@harness.labs,,https://app.harness.io/ng/account/zHadgwdTQqWG8CA3Jv6Feg/home/orgs/P190/projects/p1902/details,1,1682964421
p1903@harness.labs,,https://app.harness.io/ng/account/zHadgwdTQqWG8CA3Jv6Feg/home/orgs/P190/projects/p1903/details,1,1682964412
p1904@harness.labs,,https://app.harness.io/ng/account/zHadgwdTQqWG8CA3Jv6Feg/home/orgs/P190/projects/p1904/details,1,1682964413
p1905@harness.labs,,https://app.harness.io/ng/account/zHadgwdTQqWG8CA3Jv6Feg/home/orgs/P190/projects/p1905/details,1,1682964450
p1906@harness.labs,,https://app.harness.io/ng/account/zHadgwdTQqWG8CA3Jv6Feg/home/orgs/P190/projects/p1906/details,1,1682964614
p1907@harness.labs,,https://app.harness.io/ng/account/zHadgwdTQqWG8CA3Jv6Feg/home/orgs/P190/projects/p1907/details,0,
p1908@harness.labs,,https://app.harness.io/ng/account/zHadgwdTQqWG8CA3Jv6Feg/home/orgs/P190/projects/p1908/details,0,
p1909@harness.labs,,https://app.harness.io/ng/account/zHadgwdTQqWG8CA3Jv6Feg/home/orgs/P190/projects/p1909/details,0,
p1910@harness.labs,,https://app.harness.io/ng/account/zHadgwdTQqWG8CA3Jv6Feg/home/orgs/P190/projects/p1910/details,0,
